"nis","nama","keterangan","jurusan"
"10001","Siswa Tes tes 1","Lulus","TJKT"
"10002","Siswa Tes 2","Lulus","TITL"
"10003","Siswa Tes 3","Lulus","KA"
"10004","Siswa Tes 4","Lulus","DKV"
"10005","Siswa Tes 5","Lulus","BCPF"
"10006","Siswa Tes 6","Lulus","OTO"
"10007","Siswa Tes 7","Lulus","LAS"
"10008","Siswa Tes 8","Lulus","MESIN"
"10009","Siswa Tes 9","Lulus","TJKT"
"10010","Siswa Tes 10","Lulus","TOI"
"10011","Siswa Tes 11","Lulus","TITL"
"10012","Siswa Tes 12","Lulus","KA"
"10013","Siswa Tes 13","Lulus","DKV"
"10014","Siswa Tes 14","Lulus","BCPF"
"10015","Siswa Tes 15","Lulus","OTO"
"10016","Siswa Tes 16","Lulus","LAS"
"10017","Siswa Tes 17","Lulus","MESIN"
"10018","Siswa Tes 18","Lulus","TJKT"
"10019","Siswa Tes 19","Lulus","TOI"
"10020","Siswa Tes 20","Lulus","TITL"
"10021","Siswa Tes 21","Lulus","KA"
"10022","Siswa Tes 22","Lulus","DKV"
"10023","Siswa Tes 23","Lulus","BCPF"
"10024","Siswa Tes 24","Lulus","OTO"
"10025","Siswa Tes 25","Lulus","LAS"
"10026","Siswa Tes 26","Lulus","MESIN"
"10027","Siswa Tes 27","Lulus","TJKT"
"10028","Siswa Tes 28","Lulus","TOI"
"10029","Siswa Tes 29","Lulus","TITL"
"10030","Siswa Tes 30","Lulus","KA"
"10031","Siswa Tes 31","Lulus","DKV"
"10032","Siswa Tes 32","Lulus","BCPF"
"10033","Siswa Tes 33","Lulus","OTO"
"10034","Siswa Tes 34","Lulus","LAS"
"10035","Siswa Tes 35","Lulus","MESIN"
"10036","Siswa Tes 36","Lulus","TJKT"
"10037","Siswa Tes 37","Lulus","TOI"
"10038","Siswa Tes 38","Lulus","TITL"
"10039","Siswa Tes 39","Lulus","KA"
"10040","Siswa Tes 40","Lulus","DKV"
"10041","Siswa Tes 41","Lulus","BCPF"
"10042","Siswa Tes 42","Lulus","OTO"
"10043","Siswa Tes 43","Lulus","LAS"
"10044","Siswa Tes 44","Lulus","MESIN"
"10045","Siswa Tes 45","Lulus","TJKT"
"10046","Siswa Tes 46","Lulus","TOI"
"10047","Siswa Tes 47","Lulus","TITL"
"10048","Siswa Tes 48","Lulus","KA"
"10049","Siswa Tes 49","Lulus","DKV"
"10050","Siswa Tes 50","Lulus","BCPF"
"10051","Siswa Tes 51","Lulus","OTO"
"10052","Siswa Tes 52","Lulus","LAS"
"10053","Siswa Tes 53","Lulus","MESIN"
"10054","Siswa Tes 54","Lulus","TJKT"
"10055","Siswa Tes 55","Lulus","TOI"
"10056","Siswa Tes 56","Lulus","TITL"
"10057","Siswa Tes 57","Lulus","KA"
"10058","Siswa Tes 58","Lulus","DKV"
"10059","Siswa Tes 59","Lulus","BCPF"
"10060","Siswa Tes 60","Lulus","OTO"
"10061","Siswa Tes 61","Lulus","LAS"
"10062","Siswa Tes 62","Lulus","MESIN"
"10063","Siswa Tes 63","Lulus","TJKT"
"10064","Siswa Tes 64","Lulus","TOI"
"10065","Siswa Tes 65","Lulus","TITL"
"10066","Siswa Tes 66","Lulus","KA"
"10067","Siswa Tes 67","Lulus","DKV"
"10068","Siswa Tes 68","Lulus","BCPF"
"10069","Siswa Tes 69","Lulus","OTO"
"10070","Siswa Tes 70","Lulus","LAS"
"10071","Siswa Tes 71","Lulus","MESIN"
"10072","Siswa Tes 72","Lulus","TJKT"
"10073","Siswa Tes 73","Lulus","TOI"
"10074","Siswa Tes 74","Lulus","TITL"
"10075","Siswa Tes 75","Lulus","KA"
"10076","Siswa Tes 76","Lulus","DKV"
"10077","Siswa Tes 77","Lulus","BCPF"
"10078","Siswa Tes 78","Lulus","OTO"
"10079","Siswa Tes 79","Lulus","LAS"
"10080","Siswa Tes 80","Lulus","MESIN"
"10081","Siswa Tes 81","Lulus","TJKT"
"10082","Siswa Tes 82","Lulus","TOI"
"10083","Siswa Tes 83","Lulus","TITL"
"10084","Siswa Tes 84","Lulus","KA"
"10085","Siswa Tes 85","Lulus","DKV"
"10086","Siswa Tes 86","Lulus","BCPF"
"10087","Siswa Tes 87","Lulus","OTO"
"10088","Siswa Tes 88","Lulus","LAS"
"10089","Siswa Tes 89","Lulus","MESIN"
"10090","Siswa Tes 90","Lulus","TJKT"
"10091","Siswa Tes 91","Lulus","TOI"
"10092","Siswa Tes 92","Lulus","TITL"
"10093","Siswa Tes 93","Lulus","KA"
"10094","Siswa Tes 94","Lulus","DKV"
"10095","Siswa Tes 95","Lulus","BCPF"
"10096","Siswa Tes 96","Lulus","OTO"
"10097","Siswa Tes 97","Lulus","LAS"
"10098","Siswa Tes 98","Lulus","MESIN"
"10099","Siswa Tes 99","Lulus","TJKT"
"10100","Siswa Tes 100","Lulus","TOI"
"10101","Siswa Tes 101","Lulus","TITL"
"10102","Siswa Tes 102","Lulus","KA"
"10103","Siswa Tes 103","Lulus","DKV"
"10104","Siswa Tes 104","Lulus","BCPF"
"10105","Siswa Tes 105","Lulus","OTO"
"10106","Siswa Tes 106","Lulus","LAS"
"10107","Siswa Tes 107","Lulus","MESIN"
"10108","Siswa Tes 108","Lulus","TJKT"
"10109","Siswa Tes 109","Lulus","TOI"
"10110","Siswa Tes 110","Lulus","TITL"
"10111","Siswa Tes 111","Lulus","KA"
"10112","Siswa Tes 112","Lulus","DKV"
"10113","Siswa Tes 113","Lulus","BCPF"
"10114","Siswa Tes 114","Lulus","OTO"
"10115","Siswa Tes 115","Lulus","LAS"
"10116","Siswa Tes 116","Lulus","MESIN"
"10117","Siswa Tes 117","Lulus","TJKT"
"10118","Siswa Tes 118","Lulus","TOI"
"10119","Siswa Tes 119","Lulus","TITL"
"10120","Siswa Tes 120","Lulus","KA"
"10121","Siswa Tes 121","Lulus","DKV"
"10122","Siswa Tes 122","Lulus","BCPF"
"10123","Siswa Tes 123","Lulus","OTO"
"10124","Siswa Tes 124","Lulus","LAS"
"10125","Siswa Tes 125","Lulus","MESIN"
"10126","Siswa Tes 126","Lulus","TJKT"
"10127","Siswa Tes 127","Lulus","TOI"
"10128","Siswa Tes 128","Lulus","TITL"
"10129","Siswa Tes 129","Lulus","KA"
"10130","Siswa Tes 130","Lulus","DKV"
"10131","Siswa Tes 131","Lulus","BCPF"
"10132","Siswa Tes 132","Lulus","OTO"
"10133","Siswa Tes 133","Lulus","LAS"
"10134","Siswa Tes 134","Lulus","MESIN"
"10135","Siswa Tes 135","Lulus","TJKT"
"10136","Siswa Tes 136","Lulus","TOI"
"10137","Siswa Tes 137","Lulus","TITL"
"10138","Siswa Tes 138","Lulus","KA"
"10139","Siswa Tes 139","Lulus","DKV"
"10140","Siswa Tes 140","Lulus","BCPF"
"10141","Siswa Tes 141","Lulus","OTO"
"10142","Siswa Tes 142","Lulus","LAS"
"10143","Siswa Tes 143","Lulus","MESIN"
"10144","Siswa Tes 144","Lulus","TJKT"
"10145","Siswa Tes 145","Lulus","TOI"
"10146","Siswa Tes 146","Lulus","TITL"
"10147","Siswa Tes 147","Lulus","KA"
"10148","Siswa Tes 148","Lulus","DKV"
"10149","Siswa Tes 149","Lulus","BCPF"
"10150","Siswa Tes 150","Lulus","OTO"
"10151","Siswa Tes 151","Lulus","LAS"
"10152","Siswa Tes 152","Lulus","MESIN"
"10153","Siswa Tes 153","Lulus","TJKT"
"10154","Siswa Tes 154","Lulus","TOI"
"10155","Siswa Tes 155","Lulus","TITL"
"10156","Siswa Tes 156","Lulus","KA"
"10157","Siswa Tes 157","Lulus","DKV"
"10158","Siswa Tes 158","Lulus","BCPF"
"10159","Siswa Tes 159","Lulus","OTO"
"10160","Siswa Tes 160","Lulus","LAS"
"10161","Siswa Tes 161","Lulus","MESIN"
"10162","Siswa Tes 162","Lulus","TJKT"
"10163","Siswa Tes 163","Lulus","TOI"
"10164","Siswa Tes 164","Lulus","TITL"
"10165","Siswa Tes 165","Lulus","KA"
"10166","Siswa Tes 166","Lulus","DKV"
"10167","Siswa Tes 167","Lulus","BCPF"
"10168","Siswa Tes 168","Lulus","OTO"
"10169","Siswa Tes 169","Lulus","LAS"
"10170","Siswa Tes 170","Lulus","MESIN"
"10171","Siswa Tes 171","Lulus","TJKT"
"10172","Siswa Tes 172","Lulus","TOI"
"10173","Siswa Tes 173","Lulus","TITL"
"10174","Siswa Tes 174","Lulus","KA"
"10175","Siswa Tes 175","Lulus","DKV"
"10176","Siswa Tes 176","Lulus","BCPF"
"10177","Siswa Tes 177","Lulus","OTO"
"10178","Siswa Tes 178","Lulus","LAS"
"10179","Siswa Tes 179","Lulus","MESIN"
"10180","Siswa Tes 180","Lulus","TJKT"
"10181","Siswa Tes 181","Lulus","TOI"
"10182","Siswa Tes 182","Lulus","TITL"
"10183","Siswa Tes 183","Lulus","KA"
"10184","Siswa Tes 184","Lulus","DKV"
"10185","Siswa Tes 185","Lulus","BCPF"
"10186","Siswa Tes 186","Lulus","OTO"
"10187","Siswa Tes 187","Lulus","LAS"
"10188","Siswa Tes 188","Lulus","MESIN"
"10189","Siswa Tes 189","Lulus","TJKT"
"10190","Siswa Tes 190","Lulus","TOI"
"10191","Siswa Tes 191","Lulus","TITL"
"10192","Siswa Tes 192","Lulus","KA"
"10193","Siswa Tes 193","Lulus","DKV"
"10194","Siswa Tes 194","Lulus","BCPF"
"10195","Siswa Tes 195","Lulus","OTO"
"10196","Siswa Tes 196","Lulus","LAS"
"10197","Siswa Tes 197","Lulus","MESIN"
"10198","Siswa Tes 198","Lulus","TJKT"
"10199","Siswa Tes 199","Lulus","TOI"
"10200","Siswa Tes 200","Lulus","TITL"
"10201","Siswa Tes 201","Lulus","KA"
"10202","Siswa Tes 202","Lulus","DKV"
"10203","Siswa Tes 203","Lulus","BCPF"
"10204","Siswa Tes 204","Lulus","OTO"
"10205","Siswa Tes 205","Lulus","LAS"
"10206","Siswa Tes 206","Lulus","MESIN"
"10207","Siswa Tes 207","Lulus","TJKT"
"10208","Siswa Tes 208","Lulus","TOI"
"10209","Siswa Tes 209","Lulus","TITL"
"10210","Siswa Tes 210","Lulus","KA"
"10211","Siswa Tes 211","Lulus","DKV"
"10212","Siswa Tes 212","Lulus","BCPF"
"10213","Siswa Tes 213","Lulus","OTO"
"10214","Siswa Tes 214","Lulus","LAS"
"10215","Siswa Tes 215","Lulus","MESIN"
"10216","Siswa Tes 216","Lulus","TJKT"
"10217","Siswa Tes 217","Lulus","TOI"
"10218","Siswa Tes 218","Lulus","TITL"
"10219","Siswa Tes 219","Lulus","KA"
"10220","Siswa Tes 220","Lulus","DKV"
"10221","Siswa Tes 221","Lulus","BCPF"
"10222","Siswa Tes 222","Lulus","OTO"
"10223","Siswa Tes 223","Lulus","LAS"
"10224","Siswa Tes 224","Lulus","MESIN"
"10225","Siswa Tes 225","Lulus","TJKT"
"10226","Siswa Tes 226","Lulus","TOI"
"10227","Siswa Tes 227","Lulus","TITL"
"10228","Siswa Tes 228","Lulus","KA"
"10229","Siswa Tes 229","Lulus","DKV"
"10230","Siswa Tes 230","Lulus","BCPF"
"10231","Siswa Tes 231","Lulus","OTO"
"10232","Siswa Tes 232","Lulus","LAS"
"10233","Siswa Tes 233","Lulus","MESIN"
"10234","Siswa Tes 234","Lulus","TJKT"
"10235","Siswa Tes 235","Lulus","TOI"
"10236","Siswa Tes 236","Lulus","TITL"
"10237","Siswa Tes 237","Lulus","KA"
"10238","Siswa Tes 238","Lulus","DKV"
"10239","Siswa Tes 239","Lulus","BCPF"
"10240","Siswa Tes 240","Lulus","OTO"
"10241","Siswa Tes 241","Lulus","LAS"
"10242","Siswa Tes 242","Lulus","MESIN"
"10243","Siswa Tes 243","Lulus","TJKT"
"10244","Siswa Tes 244","Lulus","TOI"
"10245","Siswa Tes 245","Lulus","TITL"
"10246","Siswa Tes 246","Lulus","KA"
"10247","Siswa Tes 247","Lulus","DKV"
"10248","Siswa Tes 248","Lulus","BCPF"
"10249","Siswa Tes 249","Lulus","OTO"
"10250","Siswa Tes 250","Lulus","LAS"
"10251","Siswa Tes 251","Lulus","MESIN"
"10252","Siswa Tes 252","Lulus","TJKT"
"10253","Siswa Tes 253","Lulus","TOI"
"10254","Siswa Tes 254","Lulus","TITL"
"10255","Siswa Tes 255","Lulus","KA"
"10256","Siswa Tes 256","Lulus","DKV"
"10257","Siswa Tes 257","Lulus","BCPF"
"10258","Siswa Tes 258","Lulus","OTO"
"10259","Siswa Tes 259","Lulus","LAS"
"10260","Siswa Tes 260","Lulus","MESIN"
"10261","Siswa Tes 261","Lulus","TJKT"
"10262","Siswa Tes 262","Lulus","TOI"
"10263","Siswa Tes 263","Lulus","TITL"
"10264","Siswa Tes 264","Lulus","KA"
"10265","Siswa Tes 265","Lulus","DKV"
"10266","Siswa Tes 266","Lulus","BCPF"
"10267","Siswa Tes 267","Lulus","OTO"
"10268","Siswa Tes 268","Lulus","LAS"
"10269","Siswa Tes 269","Lulus","MESIN"
"10270","Siswa Tes 270","Lulus","TJKT"
"10271","Siswa Tes 271","Lulus","TOI"
"10272","Siswa Tes 272","Lulus","TITL"
"10273","Siswa Tes 273","Lulus","KA"
"10274","Siswa Tes 274","Lulus","DKV"
"10275","Siswa Tes 275","Lulus","BCPF"
"10276","Siswa Tes 276","Lulus","OTO"
"10277","Siswa Tes 277","Lulus","LAS"
"10278","Siswa Tes 278","Lulus","MESIN"
"10279","Siswa Tes 279","Lulus","TJKT"
"10280","Siswa Tes 280","Lulus","TOI"
"10281","Siswa Tes 281","Lulus","TITL"
"10282","Siswa Tes 282","Lulus","KA"
"10283","Siswa Tes 283","Lulus","DKV"
"10284","Siswa Tes 284","Lulus","BCPF"
"10285","Siswa Tes 285","Lulus","OTO"
"10286","Siswa Tes 286","Lulus","LAS"
"10287","Siswa Tes 287","Lulus","MESIN"
"10288","Siswa Tes 288","Lulus","TJKT"
"10289","Siswa Tes 289","Lulus","TOI"
"10290","Siswa Tes 290","Lulus","TITL"
"10291","Siswa Tes 291","Lulus","KA"
"10292","Siswa Tes 292","Lulus","DKV"
"10293","Siswa Tes 293","Lulus","BCPF"
"10294","Siswa Tes 294","Lulus","OTO"
"10295","Siswa Tes 295","Lulus","LAS"
"10296","Siswa Tes 296","Lulus","MESIN"
"10297","Siswa Tes 297","Lulus","TJKT"
"10298","Siswa Tes 298","Lulus","TOI"
"10299","Siswa Tes 299","Lulus","TITL"
"10300","Siswa Tes 300","Lulus","KA"
"10301","Siswa Tes 301","Lulus","DKV"
"10302","Siswa Tes 302","Lulus","BCPF"
"10303","Siswa Tes 303","Lulus","OTO"
"10304","Siswa Tes 304","Lulus","LAS"
"10305","Siswa Tes 305","Lulus","MESIN"
"10306","Siswa Tes 306","Lulus","TJKT"
"10307","Siswa Tes 307","Lulus","TOI"
"10308","Siswa Tes 308","Lulus","TITL"
"10309","Siswa Tes 309","Lulus","KA"
"10310","Siswa Tes 310","Lulus","DKV"
"10311","Siswa Tes 311","Lulus","BCPF"
"10312","Siswa Tes 312","Lulus","OTO"
"10313","Siswa Tes 313","Lulus","LAS"
"10314","Siswa Tes 314","Lulus","MESIN"
"10315","Siswa Tes 315","Lulus","TJKT"
"10316","Siswa Tes 316","Lulus","TOI"
"10317","Siswa Tes 317","Lulus","TITL"
"10318","Siswa Tes 318","Lulus","KA"
"10319","Siswa Tes 319","Lulus","DKV"
"10320","Siswa Tes 320","Lulus","BCPF"
"10321","Siswa Tes 321","Lulus","OTO"
"10322","Siswa Tes 322","Lulus","LAS"
"10323","Siswa Tes 323","Lulus","MESIN"
"10324","Siswa Tes 324","Lulus","TJKT"
"10325","Siswa Tes 325","Lulus","TOI"
"10326","Siswa Tes 326","Lulus","TITL"
"10327","Siswa Tes 327","Lulus","KA"
"10328","Siswa Tes 328","Lulus","DKV"
"10329","Siswa Tes 329","Lulus","BCPF"
"10330","Siswa Tes 330","Lulus","OTO"
"10331","Siswa Tes 331","Lulus","LAS"
"10332","Siswa Tes 332","Lulus","MESIN"
"10333","Siswa Tes 333","Lulus","TJKT"
"10334","Siswa Tes 334","Lulus","TOI"
"10335","Siswa Tes 335","Lulus","TITL"
"10336","Siswa Tes 336","Lulus","KA"
"10337","Siswa Tes 337","Lulus","DKV"
"10338","Siswa Tes 338","Lulus","BCPF"
"10339","Siswa Tes 339","Lulus","OTO"
"10340","Siswa Tes 340","Lulus","LAS"
"10341","Siswa Tes 341","Lulus","MESIN"
"10342","Siswa Tes 342","Lulus","TJKT"
"10343","Siswa Tes 343","Lulus","TOI"
"10344","Siswa Tes 344","Lulus","TITL"
"10345","Siswa Tes 345","Lulus","KA"
"10346","Siswa Tes 346","Lulus","DKV"
"10347","Siswa Tes 347","Lulus","BCPF"
"10348","Siswa Tes 348","Lulus","OTO"
"10349","Siswa Tes 349","Lulus","LAS"
"10350","Siswa Tes 350","Lulus","MESIN"
"10351","Siswa Tes 351","Lulus","TJKT"
"10352","Siswa Tes 352","Lulus","TOI"
"10353","Siswa Tes 353","Lulus","TITL"
"10354","Siswa Tes 354","Lulus","KA"
"10355","Siswa Tes 355","Lulus","DKV"
"10356","Siswa Tes 356","Lulus","BCPF"
"10357","Siswa Tes 357","Lulus","OTO"
"10358","Siswa Tes 358","Lulus","LAS"
"10359","Siswa Tes 359","Lulus","MESIN"
"10360","Siswa Tes 360","Lulus","TJKT"
"10361","Siswa Tes 361","Lulus","TOI"
"10362","Siswa Tes 362","Lulus","TITL"
"10363","Siswa Tes 363","Lulus","KA"
"10364","Siswa Tes 364","Lulus","DKV"
"10365","Siswa Tes 365","Lulus","BCPF"
"10366","Siswa Tes 366","Lulus","OTO"
"10367","Siswa Tes 367","Lulus","LAS"
"10368","Siswa Tes 368","Lulus","MESIN"
"10369","Siswa Tes 369","Lulus","TJKT"
"10370","Siswa Tes 370","Lulus","TOI"
"10371","Siswa Tes 371","Lulus","TITL"
"10372","Siswa Tes 372","Lulus","KA"
"10373","Siswa Tes 373","Lulus","DKV"
"10374","Siswa Tes 374","Lulus","BCPF"
"10375","Siswa Tes 375","Lulus","OTO"
"10376","Siswa Tes 376","Lulus","LAS"
"10377","Siswa Tes 377","Lulus","MESIN"
"10378","Siswa Tes 378","Lulus","TJKT"
"10379","Siswa Tes 379","Lulus","TOI"
"10380","Siswa Tes 380","Lulus","TITL"
"10381","Siswa Tes 381","Lulus","KA"
"10382","Siswa Tes 382","Lulus","DKV"
"10383","Siswa Tes 383","Lulus","BCPF"
"10384","Siswa Tes 384","Lulus","OTO"
"10385","Siswa Tes 385","Lulus","LAS"
"10386","Siswa Tes 386","Lulus","MESIN"
"10387","Siswa Tes 387","Lulus","TJKT"
"10388","Siswa Tes 388","Lulus","TOI"
"10389","Siswa Tes 389","Lulus","TITL"
"10390","Siswa Tes 390","Lulus","KA"
"10391","Siswa Tes 391","Lulus","DKV"
"10392","Siswa Tes 392","Lulus","BCPF"
"10393","Siswa Tes 393","Lulus","OTO"
"10394","Siswa Tes 394","Lulus","LAS"
"10395","Siswa Tes 395","Lulus","MESIN"
"10396","Siswa Tes 396","Lulus","TJKT"
"10397","Siswa Tes 397","Lulus","TOI"
"10398","Siswa Tes 398","Lulus","TITL"
"10399","Siswa Tes 399","Lulus","KA"
"10400","Siswa Tes 400","Lulus","DKV"
"10401","Siswa Tes 401","Lulus","BCPF"
"10402","Siswa Tes 402","Lulus","OTO"
"10403","Siswa Tes 403","Lulus","LAS"
"10404","Siswa Tes 404","Lulus","MESIN"
"10405","Siswa Tes 405","Lulus","TJKT"
"10406","Siswa Tes 406","Lulus","TOI"
"10407","Siswa Tes 407","Lulus","TITL"
"10408","Siswa Tes 408","Lulus","KA"
"10409","Siswa Tes 409","Lulus","DKV"
"10410","Siswa Tes 410","Lulus","BCPF"
"10411","Siswa Tes 411","Lulus","OTO"
"10412","Siswa Tes 412","Lulus","LAS"
"10413","Siswa Tes 413","Lulus","MESIN"
"10414","Siswa Tes 414","Lulus","TJKT"
"10415","Siswa Tes 415","Lulus","TOI"
"10416","Siswa Tes 416","Lulus","TITL"
"10417","Siswa Tes 417","Lulus","KA"
"10418","Siswa Tes 418","Lulus","DKV"
"10419","Siswa Tes 419","Lulus","BCPF"
"10420","Siswa Tes 420","Lulus","OTO"
"10421","Siswa Tes 421","Lulus","LAS"
"10422","Siswa Tes 422","Lulus","MESIN"
"10423","Siswa Tes 423","Lulus","TJKT"
"10424","Siswa Tes 424","Lulus","TOI"
"10425","Siswa Tes 425","Lulus","TITL"
"10426","Siswa Tes 426","Lulus","KA"
"10427","Siswa Tes 427","Lulus","DKV"
"10428","Siswa Tes 428","Lulus","BCPF"
"10429","Siswa Tes 429","Lulus","OTO"
"10430","Siswa Tes 430","Lulus","LAS"
"10431","Siswa Tes 431","Lulus","MESIN"
"10432","Siswa Tes 432","Lulus","TJKT"
"10433","Siswa Tes 433","Lulus","TOI"
"10434","Siswa Tes 434","Lulus","TITL"
"10435","Siswa Tes 435","Lulus","KA"
"10436","Siswa Tes 436","Lulus","DKV"
"10437","Siswa Tes 437","Lulus","BCPF"
"10438","Siswa Tes 438","Lulus","OTO"
"10439","Siswa Tes 439","Lulus","LAS"
"10440","Siswa Tes 440","Lulus","MESIN"
"10441","Siswa Tes 441","Lulus","TJKT"
"10442","Siswa Tes 442","Lulus","TOI"
"10443","Siswa Tes 443","Lulus","TITL"
"10444","Siswa Tes 444","Lulus","KA"
"10445","Siswa Tes 445","Lulus","DKV"
"10446","Siswa Tes 446","Lulus","BCPF"
"10447","Siswa Tes 447","Lulus","OTO"
"10448","Siswa Tes 448","Lulus","LAS"
"10449","Siswa Tes 449","Lulus","MESIN"
"10450","Siswa Tes 450","Lulus","TJKT"
"10451","Siswa Tes 451","Lulus","TOI"
"10452","Siswa Tes 452","Lulus","TITL"
"10453","Siswa Tes 453","Lulus","KA"
"10454","Siswa Tes 454","Lulus","DKV"
"10455","Siswa Tes 455","Lulus","BCPF"
"10456","Siswa Tes 456","Lulus","OTO"
"10457","Siswa Tes 457","Lulus","LAS"
"10458","Siswa Tes 458","Lulus","MESIN"
"10459","Siswa Tes 459","Lulus","TJKT"
"10460","Siswa Tes 460","Lulus","TOI"
"10461","Siswa Tes 461","Lulus","TITL"
"10462","Siswa Tes 462","Lulus","KA"
"10463","Siswa Tes 463","Lulus","DKV"
"10464","Siswa Tes 464","Lulus","BCPF"
"10465","Siswa Tes 465","Lulus","OTO"
"10466","Siswa Tes 466","Lulus","LAS"
"10467","Siswa Tes 467","Lulus","MESIN"
"10468","Siswa Tes 468","Lulus","TJKT"
"10469","Siswa Tes 469","Lulus","TOI"
"10470","Siswa Tes 470","Lulus","TITL"
"10471","Siswa Tes 471","Lulus","KA"
"10472","Siswa Tes 472","Lulus","DKV"
"10473","Siswa Tes 473","Lulus","BCPF"
"10474","Siswa Tes 474","Lulus","OTO"
"10475","Siswa Tes 475","Lulus","LAS"
"10476","Siswa Tes 476","Lulus","MESIN"
"10477","Siswa Tes 477","Lulus","TJKT"
"10478","Siswa Tes 478","Lulus","TOI"
"10479","Siswa Tes 479","Lulus","TITL"
"10480","Siswa Tes 480","Lulus","KA"
"10481","Siswa Tes 481","Lulus","DKV"
"10482","Siswa Tes 482","Lulus","BCPF"
"10483","Siswa Tes 483","Lulus","OTO"
"10484","Siswa Tes 484","Lulus","LAS"
"10485","Siswa Tes 485","Lulus","MESIN"
"10486","Siswa Tes 486","Lulus","TJKT"
"10487","Siswa Tes 487","Lulus","TOI"
"10488","Siswa Tes 488","Lulus","TITL"
"10489","Siswa Tes 489","Lulus","KA"
"10490","Siswa Tes 490","Lulus","DKV"
"10491","Siswa Tes 491","Lulus","BCPF"
"10492","Siswa Tes 492","Lulus","OTO"
"10493","Siswa Tes 493","Lulus","LAS"
"10494","Siswa Tes 494","Lulus","MESIN"
"10495","Siswa Tes 495","Lulus","TJKT"
"10496","Siswa Tes 496","Lulus","TOI"
"10497","Siswa Tes 497","Lulus","TITL"
"10498","Siswa Tes 498","Lulus","KA"
"10499","Siswa Tes 499","Lulus","DKV"
"10500","Siswa Tes 500","Lulus","BCPF"
"10501","Siswa Tes 501","Lulus","OTO"
"10502","Siswa Tes 502","Lulus","LAS"
"10503","Siswa Tes 503","Lulus","MESIN"
"10504","Siswa Tes 504","Lulus","TJKT"
"10505","Siswa Tes 505","Lulus","TOI"
"10506","Siswa Tes 506","Lulus","TITL"
"10507","Siswa Tes 507","Lulus","KA"
"10508","Siswa Tes 508","Lulus","DKV"
"10509","Siswa Tes 509","Lulus","BCPF"
"10510","Siswa Tes 510","Lulus","OTO"
"10511","Siswa Tes 511","Lulus","LAS"
"10512","Siswa Tes 512","Lulus","MESIN"
"10513","Siswa Tes 513","Lulus","TJKT"
"10514","Siswa Tes 514","Lulus","TOI"
"10515","Siswa Tes 515","Lulus","TITL"
"10516","Siswa Tes 516","Lulus","KA"
"10517","Siswa Tes 517","Lulus","DKV"
"10518","Siswa Tes 518","Lulus","BCPF"
"10519","Siswa Tes 519","Lulus","OTO"
"10520","Siswa Tes 520","Lulus","LAS"
"10521","Siswa Tes 521","Lulus","MESIN"
"10522","Siswa Tes 522","Lulus","TJKT"
"10523","Siswa Tes 523","Lulus","TOI"
"10524","Siswa Tes 524","Lulus","TITL"
"10525","Siswa Tes 525","Lulus","KA"
"10526","Siswa Tes 526","Lulus","DKV"
"10527","Siswa Tes 527","Lulus","BCPF"
"10528","Siswa Tes 528","Lulus","OTO"
"10529","Siswa Tes 529","Lulus","LAS"
"10530","Siswa Tes 530","Lulus","MESIN"
"10531","Siswa Tes 531","Lulus","TJKT"
"10532","Siswa Tes 532","Lulus","TOI"
"10533","Siswa Tes 533","Lulus","TITL"
"10534","Siswa Tes 534","Lulus","KA"
"10535","Siswa Tes 535","Lulus","DKV"
"10536","Siswa Tes 536","Lulus","BCPF"
"10537","Siswa Tes 537","Lulus","OTO"
"10538","Siswa Tes 538","Lulus","LAS"
"10539","Siswa Tes 539","Lulus","MESIN"
"10540","Siswa Tes 540","Lulus","TJKT"
"10541","Siswa Tes 541","Lulus","TOI"
"10542","Siswa Tes 542","Lulus","TITL"
"10543","Siswa Tes 543","Lulus","KA"
"10544","Siswa Tes 544","Lulus","DKV"
"10545","Siswa Tes 545","Lulus","BCPF"
"10546","Siswa Tes 546","Lulus","OTO"
"10547","Siswa Tes 547","Lulus","LAS"
"10548","Siswa Tes 548","Lulus","MESIN"
"10549","Siswa Tes 549","Lulus","TJKT"
"10550","Siswa Tes 550","Lulus","TOI"
"10551","Siswa Tes 551","Lulus","TITL"
"10552","Siswa Tes 552","Lulus","KA"
"10553","Siswa Tes 553","Lulus","DKV"
"10554","Siswa Tes 554","Lulus","BCPF"
"10555","Siswa Tes 555","Lulus","OTO"
"10556","Siswa Tes 556","Lulus","LAS"
"10557","Siswa Tes 557","Lulus","MESIN"
"10558","Siswa Tes 558","Lulus","TJKT"
"10559","Siswa Tes 559","Lulus","TOI"
"10560","Siswa Tes 560","Lulus","TITL"
"10561","Siswa Tes 561","Lulus","KA"
"10562","Siswa Tes 562","Lulus","DKV"
"10563","Siswa Tes 563","Lulus","BCPF"
"10564","Siswa Tes 564","Lulus","OTO"
"10565","Siswa Tes 565","Lulus","LAS"
"10566","Siswa Tes 566","Lulus","MESIN"
"10567","Siswa Tes 567","Lulus","TJKT"
"10568","Siswa Tes 568","Lulus","TOI"
"10569","Siswa Tes 569","Lulus","TITL"
"10570","Siswa Tes 570","Lulus","KA"
"10571","Siswa Tes 571","Lulus","DKV"
"10572","Siswa Tes 572","Lulus","BCPF"
"10573","Siswa Tes 573","Lulus","OTO"
"10574","Siswa Tes 574","Lulus","LAS"
"10575","Siswa Tes 575","Lulus","MESIN"
"10576","Siswa Tes 576","Lulus","TJKT"
"10577","Siswa Tes 577","Lulus","TOI"
"10578","Siswa Tes 578","Lulus","TITL"
"10579","Siswa Tes 579","Lulus","KA"
"10580","Siswa Tes 580","Lulus","DKV"
"10581","Siswa Tes 581","Lulus","BCPF"
"10582","Siswa Tes 582","Lulus","OTO"
"10583","Siswa Tes 583","Lulus","LAS"
"10584","Siswa Tes 584","Lulus","MESIN"
"10585","Siswa Tes 585","Lulus","TJKT"
"10586","Siswa Tes 586","Lulus","TOI"
"10587","Siswa Tes 587","Lulus","TITL"
"10588","Siswa Tes 588","Lulus","KA"
"10589","Siswa Tes 589","Lulus","DKV"
"10590","Siswa Tes 590","Lulus","BCPF"
"10591","Siswa Tes 591","Lulus","OTO"
"10592","Siswa Tes 592","Lulus","LAS"
"10593","Siswa Tes 593","Lulus","MESIN"
"10594","Siswa Tes 594","Lulus","TJKT"
"10595","Siswa Tes 595","Lulus","TOI"
"10596","Siswa Tes 596","Lulus","TITL"
"10597","Siswa Tes 597","Lulus","KA"
"10598","Siswa Tes 598","Lulus","DKV"
"10599","Siswa Tes 599","Lulus","BCPF"
"10600","Siswa Tes 600","Lulus","OTO"
"10601","Siswa Tes 601","Lulus","LAS"
"10602","Siswa Tes 602","Lulus","MESIN"
"10603","Siswa Tes 603","Lulus","TJKT"
"10604","Siswa Tes 604","Lulus","TOI"
"10605","Siswa Tes 605","Lulus","TITL"
"10606","Siswa Tes 606","Lulus","KA"
"10607","Siswa Tes 607","Lulus","DKV"
"10608","Siswa Tes 608","Lulus","BCPF"
"10609","Siswa Tes 609","Lulus","OTO"
"10610","Siswa Tes 610","Lulus","LAS"
"10611","Siswa Tes 611","Lulus","MESIN"
"10612","Siswa Tes 612","Lulus","TJKT"
"10613","Siswa Tes 613","Lulus","TOI"
"10614","Siswa Tes 614","Lulus","TITL"
"10615","Siswa Tes 615","Lulus","KA"
"10616","Siswa Tes 616","Lulus","DKV"
"10617","Siswa Tes 617","Lulus","BCPF"
"10618","Siswa Tes 618","Lulus","OTO"
"10619","Siswa Tes 619","Lulus","LAS"
"10620","Siswa Tes 620","Lulus","MESIN"
"10621","Siswa Tes 621","Lulus","TJKT"
"10622","Siswa Tes 622","Lulus","TOI"
"10623","Siswa Tes 623","Lulus","TITL"
"10624","Siswa Tes 624","Lulus","KA"
"10625","Siswa Tes 625","Lulus","DKV"
"10626","Siswa Tes 626","Lulus","BCPF"
"10627","Siswa Tes 627","Lulus","OTO"
"10628","Siswa Tes 628","Lulus","LAS"
"10629","Siswa Tes 629","Lulus","MESIN"
"10630","Siswa Tes 630","Lulus","TJKT"
"10631","Siswa Tes 631","Lulus","TOI"
"10632","Siswa Tes 632","Lulus","TITL"
"10633","Siswa Tes 633","Lulus","KA"
"10634","Siswa Tes 634","Lulus","DKV"
"10635","Siswa Tes 635","Lulus","BCPF"
"10636","Siswa Tes 636","Lulus","OTO"
"10637","Siswa Tes 637","Lulus","LAS"
"10638","Siswa Tes 638","Lulus","MESIN"
"10639","Siswa Tes 639","Lulus","TJKT"
"10640","Siswa Tes 640","Lulus","TOI"
"10641","Siswa Tes 641","Lulus","TITL"
"10642","Siswa Tes 642","Lulus","KA"
"10643","Siswa Tes 643","Lulus","DKV"
"10644","Siswa Tes 644","Lulus","BCPF"
"10645","Siswa Tes 645","Lulus","OTO"
"10646","Siswa Tes 646","Lulus","LAS"
"10647","Siswa Tes 647","Lulus","MESIN"
"10648","Siswa Tes 648","Lulus","TJKT"
"10649","Siswa Tes 649","Lulus","TOI"
"10650","Siswa Tes 650","Lulus","TITL"
"10651","Siswa Tes 651","Lulus","KA"
"10652","Siswa Tes 652","Lulus","DKV"
"10653","Siswa Tes 653","Lulus","BCPF"
"10654","Siswa Tes 654","Lulus","OTO"
"10655","Siswa Tes 655","Lulus","LAS"
"10656","Siswa Tes 656","Lulus","MESIN"
"10657","Siswa Tes 657","Lulus","TJKT"
"10658","Siswa Tes 658","Lulus","TOI"
"10659","Siswa Tes 659","Lulus","TITL"
"10660","Siswa Tes 660","Lulus","KA"
"10661","Siswa Tes 661","Lulus","DKV"
"10662","Siswa Tes 662","Lulus","BCPF"
"10663","Siswa Tes 663","Lulus","OTO"
"10664","Siswa Tes 664","Lulus","LAS"
"10665","Siswa Tes 665","Lulus","MESIN"
"10666","Siswa Tes 666","Lulus","TJKT"
"10667","Siswa Tes 667","Lulus","TOI"
"10668","Siswa Tes 668","Lulus","TITL"
"10669","Siswa Tes 669","Lulus","KA"
"10670","Siswa Tes 670","Lulus","DKV"
"10671","Siswa Tes 671","Lulus","BCPF"
"10672","Siswa Tes 672","Lulus","OTO"
"10673","Siswa Tes 673","Lulus","LAS"
"10674","Siswa Tes 674","Lulus","MESIN"
"10675","Siswa Tes 675","Lulus","TJKT"
"10676","Siswa Tes 676","Lulus","TOI"
"10677","Siswa Tes 677","Lulus","TITL"
"10678","Siswa Tes 678","Lulus","KA"
"10679","Siswa Tes 679","Lulus","DKV"
"10680","Siswa Tes 680","Lulus","BCPF"
"10681","Siswa Tes 681","Lulus","OTO"
"10682","Siswa Tes 682","Lulus","LAS"
"10683","Siswa Tes 683","Lulus","MESIN"
"10684","Siswa Tes 684","Lulus","TJKT"
"10685","Siswa Tes 685","Lulus","TOI"
"10686","Siswa Tes 686","Lulus","TITL"
"10687","Siswa Tes 687","Lulus","KA"
"10688","Siswa Tes 688","Lulus","DKV"
"10689","Siswa Tes 689","Lulus","BCPF"
"10690","Siswa Tes 690","Lulus","OTO"
"10691","Siswa Tes 691","Lulus","LAS"
"10692","Siswa Tes 692","Lulus","MESIN"
"10693","Siswa Tes 693","Lulus","TJKT"
"10694","Siswa Tes 694","Lulus","TOI"
"10695","Siswa Tes 695","Lulus","TITL"
"10696","Siswa Tes 696","Lulus","KA"
"10697","Siswa Tes 697","Lulus","DKV"
"10698","Siswa Tes 698","Lulus","BCPF"
"10699","Siswa Tes 699","Lulus","OTO"
"10700","Siswa Tes 700","Lulus","LAS"
"10701","Siswa Tes 701","Lulus","MESIN"
"10702","Siswa Tes 702","Lulus","TJKT"
"10703","Siswa Tes 703","Lulus","TOI"
"10704","Siswa Tes 704","Lulus","TITL"
"10705","Siswa Tes 705","Lulus","KA"
"10706","Siswa Tes 706","Lulus","DKV"
"10707","Siswa Tes 707","Lulus","BCPF"
"10708","Siswa Tes 708","Lulus","OTO"
"10709","Siswa Tes 709","Lulus","LAS"
"10710","Siswa Tes 710","Lulus","MESIN"
"10711","Siswa Tes 711","Lulus","TJKT"
"10712","Siswa Tes 712","Lulus","TOI"
"10713","Siswa Tes 713","Lulus","TITL"
"10714","Siswa Tes 714","Lulus","KA"
"10715","Siswa Tes 715","Lulus","DKV"
"10716","Siswa Tes 716","Lulus","BCPF"
"10717","Siswa Tes 717","Lulus","OTO"
"10718","Siswa Tes 718","Lulus","LAS"
"10719","Siswa Tes 719","Lulus","MESIN"
"10720","Siswa Tes 720","Lulus","TJKT"
"10721","Siswa Tes 721","Lulus","TOI"
"10722","Siswa Tes 722","Lulus","TITL"
"10723","Siswa Tes 723","Lulus","KA"
"10724","Siswa Tes 724","Lulus","DKV"
"10725","Siswa Tes 725","Lulus","BCPF"
"10726","Siswa Tes 726","Lulus","OTO"
"10727","Siswa Tes 727","Lulus","LAS"
"10728","Siswa Tes 728","Lulus","MESIN"
"10729","Siswa Tes 729","Lulus","TJKT"
"10730","Siswa Tes 730","Lulus","TOI"
"10731","Siswa Tes 731","Lulus","TITL"
"10732","Siswa Tes 732","Lulus","KA"
"10733","Siswa Tes 733","Lulus","DKV"
"10734","Siswa Tes 734","Lulus","BCPF"
"10735","Siswa Tes 735","Lulus","OTO"
"10736","Siswa Tes 736","Lulus","LAS"
"10737","Siswa Tes 737","Lulus","MESIN"
"10738","Siswa Tes 738","Lulus","TJKT"
"10739","Siswa Tes 739","Lulus","TOI"
"10740","Siswa Tes 740","Lulus","TITL"
"10741","Siswa Tes 741","Lulus","KA"
"10742","Siswa Tes 742","Lulus","DKV"
"10743","Siswa Tes 743","Lulus","BCPF"
"10744","Siswa Tes 744","Lulus","OTO"
"10745","Siswa Tes 745","Lulus","LAS"
"10746","Siswa Tes 746","Lulus","MESIN"
"10747","Siswa Tes 747","Lulus","TJKT"
"10748","Siswa Tes 748","Lulus","TOI"
"10749","Siswa Tes 749","Lulus","TITL"
"10750","Siswa Tes 750","Lulus","KA"
"10751","Siswa Tes 751","Lulus","DKV"
"10752","Siswa Tes 752","Lulus","BCPF"
"10753","Siswa Tes 753","Lulus","OTO"
"10754","Siswa Tes 754","Lulus","LAS"
"10755","Siswa Tes 755","Lulus","MESIN"
"10756","Siswa Tes 756","Lulus","TJKT"
"10757","Siswa Tes 757","Lulus","TOI"
"10758","Siswa Tes 758","Lulus","TITL"
"10759","Siswa Tes 759","Lulus","KA"
"10760","Siswa Tes 760","Lulus","DKV"
"10761","Siswa Tes 761","Lulus","BCPF"
"10762","Siswa Tes 762","Lulus","OTO"
"10763","Siswa Tes 763","Lulus","LAS"
"10764","Siswa Tes 764","Lulus","MESIN"
"10765","Siswa Tes 765","Lulus","TJKT"
"10766","Siswa Tes 766","Lulus","TOI"
"10767","Siswa Tes 767","Lulus","TITL"
"10768","Siswa Tes 768","Lulus","KA"
"10769","Siswa Tes 769","Lulus","DKV"
"10770","Siswa Tes 770","Lulus","BCPF"
"10771","Siswa Tes 771","Lulus","OTO"
"10772","Siswa Tes 772","Lulus","LAS"
"10773","Siswa Tes 773","Lulus","MESIN"
"10774","Siswa Tes 774","Lulus","TJKT"
"10775","Siswa Tes 775","Lulus","TOI"
"10776","Siswa Tes 776","Lulus","TITL"
"10777","Siswa Tes 777","Lulus","KA"
"10778","Siswa Tes 778","Lulus","DKV"
"10779","Siswa Tes 779","Lulus","BCPF"
"10780","Siswa Tes 780","Lulus","OTO"
"10781","Siswa Tes 781","Lulus","LAS"
"10782","Siswa Tes 782","Lulus","MESIN"
"10783","Siswa Tes 783","Lulus","TJKT"
"10784","Siswa Tes 784","Lulus","TOI"
"10785","Siswa Tes 785","Lulus","TITL"
"10786","Siswa Tes 786","Lulus","KA"
"10787","Siswa Tes 787","Lulus","DKV"
"10788","Siswa Tes 788","Lulus","BCPF"
"10789","Siswa Tes 789","Lulus","OTO"
"10790","Siswa Tes 790","Lulus","LAS"
"10791","Siswa Tes 791","Lulus","MESIN"
"10792","Siswa Tes 792","Lulus","TJKT"
"10793","Siswa Tes 793","Lulus","TOI"
"10794","Siswa Tes 794","Lulus","TITL"
"10795","Siswa Tes 795","Lulus","KA"
"10796","Siswa Tes 796","Lulus","DKV"
"10797","Siswa Tes 797","Lulus","BCPF"
"10798","Siswa Tes 798","Lulus","OTO"
"10799","Siswa Tes 799","Lulus","LAS"
"10800","Siswa Tes 800","Lulus","MESIN"
"10801","Siswa Tes 801","Lulus","TJKT"
"10802","Siswa Tes 802","Lulus","TOI"
"10803","Siswa Tes 803","Lulus","TITL"
"10804","Siswa Tes 804","Lulus","KA"
"10805","Siswa Tes 805","Lulus","DKV"
"10806","Siswa Tes 806","Lulus","BCPF"
"10807","Siswa Tes 807","Lulus","OTO"
"10808","Siswa Tes 808","Lulus","LAS"
"10809","Siswa Tes 809","Lulus","MESIN"
"10810","Siswa Tes 810","Lulus","TJKT"
"10811","Siswa Tes 811","Lulus","TOI"
"10812","Siswa Tes 812","Lulus","TITL"
"10813","Siswa Tes 813","Lulus","KA"
"10814","Siswa Tes 814","Lulus","DKV"
"10815","Siswa Tes 815","Lulus","BCPF"
"10816","Siswa Tes 816","Lulus","OTO"
"10817","Siswa Tes 817","Lulus","LAS"
"10818","Siswa Tes 818","Lulus","MESIN"
"10819","Siswa Tes 819","Lulus","TJKT"
"10820","Siswa Tes 820","Lulus","TOI"
"10821","Siswa Tes 821","Lulus","TITL"
"10822","Siswa Tes 822","Lulus","KA"
"10823","Siswa Tes 823","Lulus","DKV"
"10824","Siswa Tes 824","Lulus","BCPF"
"10825","Siswa Tes 825","Lulus","OTO"
"10826","Siswa Tes 826","Lulus","LAS"
"10827","Siswa Tes 827","Lulus","MESIN"
"10828","Siswa Tes 828","Lulus","TJKT"
"10829","Siswa Tes 829","Lulus","TOI"
"10830","Siswa Tes 830","Lulus","TITL"
"10831","Siswa Tes 831","Lulus","KA"
"10832","Siswa Tes 832","Lulus","DKV"
"10833","Siswa Tes 833","Lulus","BCPF"
"10834","Siswa Tes 834","Lulus","OTO"
"10835","Siswa Tes 835","Lulus","LAS"
"10836","Siswa Tes 836","Lulus","MESIN"
"10837","Siswa Tes 837","Lulus","TJKT"
"10838","Siswa Tes 838","Lulus","TOI"
"10839","Siswa Tes 839","Lulus","TITL"
"10840","Siswa Tes 840","Lulus","KA"
"10841","Siswa Tes 841","Lulus","DKV"
"10842","Siswa Tes 842","Lulus","BCPF"
"10843","Siswa Tes 843","Lulus","OTO"
"10844","Siswa Tes 844","Lulus","LAS"
"10845","Siswa Tes 845","Lulus","MESIN"
"10846","Siswa Tes 846","Lulus","TJKT"
"10847","Siswa Tes 847","Lulus","TOI"
"10848","Siswa Tes 848","Lulus","TITL"
"10849","Siswa Tes 849","Lulus","KA"
"10850","Siswa Tes 850","Lulus","DKV"
"20428","Adillaaa","Lulus","TOI"